http://ktin247.com/ngu-nhu-bova-2-bai-hoc-de-doi?fb_action_ids=864018406946530&fb_action_types=og.recommends,1,|||||https://www.facebook.com/plugins/like.php?href=https://www.facebook.com/pages/Tin-t%E1%BB%A9c-t%E1%BB%95ng-h%E1%BB%A3p-online-247/1458545464386717&send=false&layout=button_count&width=450&show_faces=false&font=tahoma&colorscheme=light&action=like&height=21|||||https://www.facebook.com/plugins/like.php?href=http://ktin247.com/ngu-nhu-bova-2-bai-hoc-de-doi&send=false&layout=button_count&width=450&show_faces=false&font=tahoma&colorscheme=light&action=recommend&height=21
http://dantri.com.vn,0,
http://kenh12h.com/tintuc.html,1,|||||http://www.facebook.com/plugins/like.php?href=https://www.facebook.com/truongtpro&locale=fb_LT&send=false&layout=button_count&width=450&show_faces=false&font=tahoma&colorscheme=light&action=like&height=21|||||http://www.facebook.com/plugins/like.php?href=https://www.facebook.com/ancuongcompany&locale=fb_LT&send=false&layout=button_count&width=450&show_faces=false&font=tahoma&colorscheme=light&action=like&height=21|||||http://www.facebook.com/plugins/like.php?href=https://www.facebook.com/quanana.map&locale=fb_LT&send=false&layout=button_count&width=450&show_faces=false&font=tahoma&colorscheme=light&action=like&height=21
http://dantri.com.vn,0,
http://kenh12h.com/tintuc.html,1,|||||http://www.facebook.com/plugins/like.php?href=https://www.facebook.com/truongtpro&locale=fb_LT&send=false&layout=button_count&width=450&show_faces=false&font=tahoma&colorscheme=light&action=like&height=21|||||http://www.facebook.com/plugins/like.php?href=https://www.facebook.com/ancuongcompany&locale=fb_LT&send=false&layout=button_count&width=450&show_faces=false&font=tahoma&colorscheme=light&action=like&height=21|||||http://www.facebook.com/plugins/like.php?href=https://www.facebook.com/quanana.map&locale=fb_LT&send=false&layout=button_count&width=450&show_faces=false&font=tahoma&colorscheme=light&action=like&height=21
http://dantri.com.vn,0,
http://kenh12h.com/tintuc.html,1,|||||http://www.facebook.com/plugins/like.php?href=https://www.facebook.com/truongtpro&locale=fb_LT&send=false&layout=button_count&width=450&show_faces=false&font=tahoma&colorscheme=light&action=like&height=21|||||http://www.facebook.com/plugins/like.php?href=https://www.facebook.com/ancuongcompany&locale=fb_LT&send=false&layout=button_count&width=450&show_faces=false&font=tahoma&colorscheme=light&action=like&height=21|||||http://www.facebook.com/plugins/like.php?href=https://www.facebook.com/quanana.map&locale=fb_LT&send=false&layout=button_count&width=450&show_faces=false&font=tahoma&colorscheme=light&action=like&height=21
http://webstats.motigo.com/redirect?id=AEtPRQ1yuGsbOqFhSZyzrIL+rtBQ,0,
http://webstats.motigo.com/redirect?id=AEZ5Cwld4ad6d+Th1Qjs6Yi5eSHQ,0,
http://webstats.motigo.com/redirect?id=AER7cQeM7jbWPm5M/h6wWzGKnvXA,1,|||||https://accounts.google.com/o/oauth2/postmessageRelay?parent=http%3A%2F%2Fnamnguyenft.vn#rpctoken=556310782&forcesecure=1
http://webstats.motigo.com/redirect?id=AEk15AXYkQWbLM//Kzkg7tdBIx8w,0,
http://webstats.motigo.com/redirect?id=AEuGGAgNlFFg8igKQKyYH2WDqjOg,1,||||||||||https://accounts.google.com/o/oauth2/postmessageRelay?parent=http%3A%2F%2Fkhampha24h.net#rpctoken=827083861&forcesecure=1
http://webstats.motigo.com/redirect?id=AEARWQNPKavPMzlGixGJNNrGvnOg,0,
http://webstats.motigo.com/redirect?id=AElvPgyPKIfbbxE0grKJ7iRZTIdw,0,
http://webstats.motigo.com/redirect?id=AEKHLA8ipiCZVMofqeFZxSjJoSkQ,0,
http://webstats.motigo.com/redirect?id=AEtPRQ1yuGsbOqFhSZyzrIL+rtBQ,0,
http://webstats.motigo.com/redirect?id=AEtSXgVTfbfWKRbQBOfZ8yp84/cw,0,
http://webstats.motigo.com/redirect?id=AD2yxA0doy+1gPmLNe2A5EWrjLyA,0,
http://webstats.motigo.com/redirect?id=AD1oqANa1MOCTUG3oWvTCa0syinQ,0,
http://webstats.motigo.com/redirect?id=AD/zPQXmOympE0A4VZ8D4mMo7pyQ,0,
http://webstats.motigo.com/redirect?id=ADv4GQVss306VJ3D0W6anaBxQyQw,0,
http://webstats.motigo.com/redirect?id=ADu3FQhYJZTMk1ilOKkK+NTZKiWQ,1,|||||https://accounts.google.com/o/oauth2/postmessageRelay?parent=http%3A%2F%2Fbonghongxanh.vn#rpctoken=775792776&forcesecure=1
http://webstats.motigo.com/redirect?id=ADzXMgsmT72JdDqviV/7BH9nDAgQ,0,
http://webstats.motigo.com/redirect?id=AEAW4QpYfzAaSDMTH8Y51Iu1Zj1Q,0,
http://webstats.motigo.com/redirect?id=AER50wbqFLdqQnI5p2UI3mubkiVg,0,
http://webstats.motigo.com/redirect?id=AD7YBAkrD70m/OABsnpfVJbWudxg,0,
http://webstats.motigo.com/redirect?id=AD/7cwu07HWo+kEwl2gW5BNkMI1w,1,|||||https://accounts.google.com/o/oauth2/postmessageRelay?parent=http%3A%2F%2Fdiembaoquocte.blogspot.com#rpctoken=816715347&forcesecure=1
http://webstats.motigo.com/redirect?id=ABG3KAYKMu5bVrqIvTU+nn2hdabg,1,|||||http://pbid.pro-market.net/engine?site=132783;size=1x1;e=0;category=;kw=fl5dde101-fujl9fx%20bm0nhcf0;rnd=(1402230121704)
http://webstats.motigo.com/redirect?id=ABkVww/7ANItUPXVcY1p8QcoRGNA,0,
http://webstats.motigo.com/redirect?id=AClY4woeX5t8tsYMHyOChGDBJUnA,0,
http://webstats.motigo.com/redirect?id=ACqT0wcywa3x4hQ0gTh4Na8eVfHQ,0,
http://webstats.motigo.com/redirect?id=ACvEtACwF5cbAlFtkmM86zt6Im7w,0,
http://webstats.motigo.com/redirect?id=ADRdkAEXVAaMi74dz1M6N634w6fA,0,
http://webstats.motigo.com/redirect?id=ADZcBgpprm4JBYBiytwLakay4F7g,0,
http://webstats.motigo.com/redirect?id=ADniXAzZUKtYfz2DT7n54JzqL8DA,0,
http://webstats.motigo.com/redirect?id=ADpDQQJf/4nanQ9UqAkzcwglrntw,0,
http://webstats.motigo.com/redirect?id=ADpDQgz2fY59X+Xqx2JhbSQddwtA,0,
http://webstats.motigo.com/redirect?id=ADu50gPm6E2naoh3CnrTZImMD6UA,0,
http://webstats.motigo.com/redirect?id=ADxk0wgmzQ3CFyqrxDuj3XFFn0lA,0,
http://webstats.motigo.com/redirect?id=AD2RAgp9h/g+MjKj8ad4BglrAZeg,0,
http://webstats.motigo.com/redirect?id=AD4qVwmTJGnXnwzZiq9usn38U0zg,0,
http://webstats.motigo.com/redirect?id=AD6ZSA1MpdxivzrH2uNjq2otRIIQ,1,||||||||||http://ct1.addthis.com/static/r07/sh162.html#
http://webstats.motigo.com/redirect?id=AD7WlwtOg3ocbMIj2bOyzIEaMUeA,0,
http://webstats.motigo.com/redirect?id=AD8GEAO++taZxyJkLp2MwN0B/vuQ,0,
http://webstats.motigo.com/redirect?id=AD8TygzeS9hGHb/CX7wVniV5DzLw,0,
http://webstats.motigo.com/redirect?id=AD8tSw+VOC3mYpRsS7gr0G+xDJwQ,0,
http://webstats.motigo.com/redirect?id=AD865QkyVRHB/C/WlgaSl6UfqU7Q,0,
http://webstats.motigo.com/redirect?id=AD9V6QyUy/IOOfVRmTLeTIzh/3bQ,1,|||||http://ct1.addthis.com/static/r07/sh162.html#
http://webstats.motigo.com/redirect?id=AD+q5QYKg+U0rpSp8sYtCaZUzFgg,0,
http://webstats.motigo.com/redirect?id=AD+v1gHUCSaQiUwg/C0Iz5CcdRoA,1,|||||http://bcp.crwdcntrl.net/5/c=508/pv=y/rt=ifr
http://webstats.motigo.com/redirect?id=AD+yzAANeUL9xHCANUQn+eJGK+Vg,0,
http://webstats.motigo.com/redirect?id=AEABJA7tQibiefJWFwAC7IOOhakA,0,
http://webstats.motigo.com/redirect?id=AEAHTANErpwp9SvdM0aFykuK6ftw,0,
http://webstats.motigo.com/redirect?id=AEBGYACidQaNP9spy1Tv6vnVixtw,0,
http://webstats.motigo.com/redirect?id=AEBGaQwWOBSdbYIzngS/HlZu3YpA,0,
http://webstats.motigo.com/redirect?id=AEBu6QDkEWI+F9c61wEhnTpzeZiw,1,||||||||||http://ct1.addthis.com/static/r07/sh162.html#|||||https://accounts.google.com/o/oauth2/postmessageRelay?parent=http%3A%2F%2Fwww.sjvietnam.org#rpctoken=278355846&forcesecure=1
http://webstats.motigo.com/redirect?id=AECm/QHoCjhOUWkj3X+sugqu+8eQ,0,
http://webstats.motigo.com/redirect?id=AEDvvAp51CeF/eVQPnebyBSmL5EQ,0,
http://webstats.motigo.com/redirect?id=AEE4Cgm/e8v5lltv8sFkf1ouSfVw,0,
http://webstats.motigo.com/redirect?id=AEJ2mwMC6mzW1SXqAd4RLtZ+sn8Q,0,
http://webstats.motigo.com/redirect?id=AEKmCwgMvduJ/+N240yEzQlyQ4Dw,1,|||||https://accounts.google.com/o/oauth2/postmessageRelay?parent=http%3A%2F%2Fwww.hostinger.vn#rpctoken=911550721&forcesecure=1
http://webstats.motigo.com/redirect?id=AELvnQoyoa3bqttP1hRjYoC/oyzw,0,
http://webstats.motigo.com/redirect?id=AEMBfgmACyy6ITR2qwmbX4Mxjgow,0,
http://webstats.motigo.com/redirect?id=AEMYbg5dRIM5500T9t3N2CDRndzA,0,
http://webstats.motigo.com/redirect?id=AENUIwlUxw8Y3gQcXrVjuk4hdvBQ,0,
http://webstats.motigo.com/redirect?id=AENoEAZKi/WxJxXAgEIbKmjanwVw,0,
http://webstats.motigo.com/redirect?id=AEOZgAfEenCvijoZ1jJw/cNf+p9A,0,
http://webstats.motigo.com/redirect?id=AEOcHAUT6HnnQ98Y/mofzeFfItmw,0,
http://webstats.motigo.com/redirect?id=AEOgtwdSU62fR5dsT6wf+k3Y/deA,0,
http://webstats.motigo.com/redirect?id=AEO8YQm/EVa86pJmolqTYC6ze3gA,0,
http://webstats.motigo.com/redirect?id=AEPs9gNvv5Rd2g6VW11xWo7GwhSQ,0,
http://webstats.motigo.com/redirect?id=AERH0AsHR5Njbe4IlS0cqFUEAV6Q,0,
http://webstats.motigo.com/redirect?id=AERzyQV1lyZ0Z1ZrlA1+N/LRLDog,0,
http://webstats.motigo.com/redirect?id=AESEUga4kvxtkrHUys1LzHBvGtbQ,0,
http://webstats.motigo.com/redirect?id=AESIFw0ZNLVI75oPLFegw79fmz+Q,0,
http://webstats.motigo.com/redirect?id=AESVIgV4joctjeskG3OU98ylLczQ,1,|||||http://x.vindicosuite.com/imp/?l=169943&t=h&u=&r=&rnd=16110937|||||http://log.sitemeter.com/log?trans=true&iframe=false&whl=50&wc=true&url=http://saigonstreets.blogspot.com/&ref=&iurl=&rnd=16110937
http://webstats.motigo.com/redirect?id=AES01gTLOWwDde/yLZsiePQYI2eg,0,
http://webstats.motigo.com/redirect?id=AES7sAtPZnP6bhgif8TDCrhfDs6Q,0,
http://webstats.motigo.com/redirect?id=AES9KgbbswUUPubf4fPrF4Jw7feg,0,
http://webstats.motigo.com/redirect?id=AETnVgTpgwrC1E+aWt+SuggDYw9Q,0,
http://webstats.motigo.com/redirect?id=AEWLRwgpfYgpwjien3JW8ZY0DYBA,0,
http://webstats.motigo.com/redirect?id=AEXUHwkxa3ojY9YO3E0LEgwjrGKg,0,
http://webstats.motigo.com/redirect?id=AEYrwAHtPz5qB7YhudQ0nxVYl/0g,0,
http://webstats.motigo.com/redirect?id=AEY9YABfCBTNg1J828LpRv6LywqA,0,
http://webstats.motigo.com/redirect?id=AEY/RAqVMajijypAJltRGbZYNQUA,0,
http://webstats.motigo.com/redirect?id=AEcGuQ4Vw6w88kUXUPCv9flDgMBQ,0,
http://webstats.motigo.com/redirect?id=AEe+CAIa6dV4DaleigtrhfczUelg,0,
http://webstats.motigo.com/redirect?id=AEfuFgkgGXhbfE6E6wR1Rdh+nP5Q,0,
http://webstats.motigo.com/redirect?id=AEgGPwrn2bU33w6I8Ssf50aDk9bw,0,
http://webstats.motigo.com/redirect?id=AEgWswv1/i45Zg9rah+t0PVOovmA,0,
http://webstats.motigo.com/redirect?id=AEt6QQp4vs1MHjxg7mDBcEPpnCcg,0,
http://webstats.motigo.com/redirect?id=AEuQcgnEASGJZr8aVHfXBFXmFkzQ,0,
